subscription_id,account_id,plan_name,start_date,renewal_date,contract_term,monthly_fee,subscription_status
1,1,Growth,2024-09-23,2025-09-23,12,11240,Churned
2,2,Growth,2025-10-28,2026-10-28,12,16422,Churned
3,3,Starter,2024-07-09,2026-07-09,24,5665,Active
4,4,Enterprise,2025-01-01,2027-01-01,24,58578,Active
5,5,Starter,2024-12-02,2025-12-02,12,4069,Churned
6,6,Starter,2025-09-23,2026-09-23,12,6353,Churned
7,7,Starter,2025-02-13,2026-02-13,12,5406,Churned
8,8,Starter,2025-10-19,2026-10-19,12,3974,Churned
9,9,Growth,2025-10-04,2026-10-04,12,19898,Churned
10,10,Starter,2026-02-01,2028-02-01,24,4940,Active
11,11,Starter,2024-07-21,2025-07-21,12,4938,Active
12,12,Growth,2024-08-30,2025-08-30,12,9536,Active
13,13,Starter,2024-04-09,2025-04-09,12,5513,Churned
14,14,Enterprise,2026-02-14,2027-02-14,12,73432,Active
15,15,Starter,2025-01-19,2026-01-19,12,3975,Active
16,16,Enterprise,2025-08-13,2026-08-13,12,30657,Churned
17,17,Enterprise,2024-11-08,2025-11-08,12,46443,Active
18,18,Growth,2024-09-21,2025-09-21,12,9132,Active
19,19,Starter,2024-05-27,2025-05-27,12,4384,Churned
20,20,Enterprise,2025-05-03,2026-05-03,12,56337,Churned
21,21,Growth,2024-09-23,2025-09-23,12,14436,Churned
22,22,Growth,2024-09-09,2025-09-09,12,13087,Churned
23,23,Growth,2024-10-05,2026-10-05,24,8071,Churned
24,24,Starter,2025-04-29,2026-04-29,12,7068,Churned
25,25,Growth,2024-05-09,2025-05-09,12,24285,Churned
26,26,Growth,2025-12-20,2026-12-20,12,16524,Churned
27,27,Starter,2024-04-04,2025-04-04,12,6299,Churned
28,28,Growth,2024-03-31,2025-03-31,12,19564,Active
29,29,Starter,2024-03-21,2025-03-21,12,7386,Churned
30,30,Starter,2024-04-29,2025-04-29,12,4359,Active
31,31,Growth,2025-07-05,2026-07-05,12,11846,Active
32,32,Growth,2025-05-06,2026-05-06,12,14526,Active
33,33,Growth,2024-12-21,2025-12-21,12,14061,Churned
34,34,Growth,2025-05-24,2026-05-24,12,21195,Active
35,35,Starter,2025-03-16,2026-03-16,12,3715,Churned
36,36,Starter,2025-08-04,2026-08-04,12,4393,Churned
37,37,Growth,2025-09-14,2028-09-14,36,9634,Active
38,38,Growth,2025-04-04,2026-04-04,12,17266,Active
39,39,Starter,2024-06-04,2025-06-04,12,6381,Active
40,40,Enterprise,2024-03-17,2026-03-17,24,60772,Churned
41,41,Starter,2024-04-01,2025-04-01,12,7200,Active
42,42,Growth,2024-08-03,2025-08-03,12,15182,Active
43,43,Enterprise,2024-08-23,2025-08-23,12,34013,Active
44,44,Growth,2025-07-09,2026-07-09,12,14735,Churned
45,45,Starter,2025-10-08,2026-10-08,12,6911,Active
46,46,Starter,2025-09-03,2026-09-03,12,6180,Churned
47,47,Growth,2025-05-11,2028-05-11,36,16987,Active
48,48,Starter,2024-08-21,2025-08-21,12,5974,Active
49,49,Growth,2024-07-12,2025-07-12,12,8705,Churned
50,50,Starter,2025-12-23,2027-12-23,24,5084,Churned
51,51,Enterprise,2024-09-24,2025-09-24,12,45516,Churned
52,52,Starter,2024-09-19,2025-09-19,12,5324,Churned
53,53,Growth,2025-03-22,2026-03-22,12,20361,Active
54,54,Starter,2025-11-17,2027-11-17,24,5158,Active
55,55,Enterprise,2025-05-30,2028-05-30,36,73994,Churned
56,56,Growth,2025-03-15,2026-03-15,12,18538,Active
57,57,Starter,2025-08-23,2026-08-23,12,3053,Active
58,58,Starter,2025-06-19,2026-06-19,12,3526,Churned
59,59,Growth,2025-03-12,2026-03-12,12,16308,Active
60,60,Starter,2025-06-06,2026-06-06,12,7886,Churned
61,61,Enterprise,2026-01-14,2028-01-14,24,41215,Churned
62,62,Starter,2025-08-09,2026-08-09,12,4246,Active
63,63,Starter,2024-12-21,2025-12-21,12,6858,Churned
64,64,Starter,2024-04-10,2026-04-10,24,4921,Churned
65,65,Growth,2025-06-22,2026-06-22,12,15307,Churned
66,66,Growth,2025-01-29,2026-01-29,12,15990,Churned
67,67,Growth,2025-01-10,2027-01-10,24,22400,Churned
68,68,Starter,2024-11-15,2026-11-15,24,7655,Churned
69,69,Growth,2024-04-17,2027-04-17,36,17769,Churned
70,70,Growth,2024-04-15,2025-04-15,12,10174,Churned
71,71,Starter,2024-09-03,2025-09-03,12,5595,Churned
72,72,Growth,2025-09-26,2026-09-26,12,13146,Churned
73,73,Starter,2025-02-14,2028-02-14,36,5868,Churned
74,74,Growth,2024-08-09,2026-08-09,24,16182,Churned
75,75,Growth,2025-09-08,2026-09-08,12,24551,Churned
76,76,Growth,2025-08-25,2026-08-25,12,11346,Active
77,77,Enterprise,2025-05-08,2028-05-08,36,59261,Churned
78,78,Starter,2026-02-07,2027-02-07,12,3563,Active
79,79,Enterprise,2025-10-21,2026-10-21,12,29292,Active
80,80,Growth,2025-07-11,2026-07-11,12,9635,Active
81,81,Growth,2025-07-07,2026-07-07,12,8148,Churned
82,82,Starter,2024-06-01,2025-06-01,12,4120,Churned
83,83,Growth,2025-03-21,2026-03-21,12,20775,Active
84,84,Growth,2024-03-15,2025-03-15,12,23389,Churned
85,85,Starter,2024-06-15,2025-06-15,12,5328,Churned
86,86,Starter,2024-05-18,2026-05-18,24,6569,Active
87,87,Growth,2024-02-09,2025-02-09,12,15049,Churned
88,88,Growth,2024-10-12,2025-10-12,12,15713,Active
89,89,Enterprise,2025-06-06,2026-06-06,12,62762,Churned
90,90,Starter,2025-06-23,2028-06-23,36,5455,Active
91,91,Growth,2026-03-19,2027-03-19,12,24090,Churned
92,92,Growth,2024-05-18,2025-05-18,12,21433,Active
93,93,Starter,2024-02-25,2025-02-25,12,6082,Churned
94,94,Starter,2024-05-11,2026-05-11,24,5144,Active
95,95,Growth,2025-01-17,2026-01-17,12,15625,Churned
96,96,Enterprise,2025-11-07,2026-11-07,12,66572,Churned
97,97,Growth,2024-03-14,2025-03-14,12,21777,Churned
98,98,Starter,2025-04-14,2026-04-14,12,4306,Churned
99,99,Starter,2025-05-17,2026-05-17,12,3426,Churned
100,100,Enterprise,2026-02-13,2028-02-13,24,26277,Churned
101,101,Starter,2025-03-13,2026-03-13,12,5061,Churned
102,102,Growth,2025-05-23,2026-05-23,12,19381,Active
103,103,Starter,2024-09-20,2025-09-20,12,4698,Active
104,104,Starter,2025-01-22,2027-01-22,24,7274,Churned
105,105,Growth,2025-08-23,2026-08-23,12,15813,Churned
106,106,Starter,2025-09-03,2026-09-03,12,4497,Churned
107,107,Enterprise,2025-04-25,2026-04-25,12,47431,Churned
108,108,Enterprise,2025-12-03,2026-12-03,12,63367,Active
109,109,Growth,2024-02-06,2026-02-06,24,21059,Churned
110,110,Enterprise,2024-12-14,2025-12-14,12,40333,Churned
111,111,Starter,2024-03-14,2025-03-14,12,6176,Churned
112,112,Growth,2024-09-27,2026-09-27,24,11349,Active
113,113,Growth,2025-07-28,2026-07-28,12,24713,Active
114,114,Growth,2024-09-05,2025-09-05,12,16204,Active
115,115,Starter,2024-05-03,2025-05-03,12,5368,Churned
116,116,Starter,2024-12-29,2025-12-29,12,7497,Active
117,117,Growth,2025-10-24,2026-10-24,12,14952,Churned
118,118,Growth,2025-04-21,2027-04-21,24,24897,Active
119,119,Growth,2025-12-08,2026-12-08,12,23115,Churned
120,120,Starter,2025-04-23,2026-04-23,12,7871,Active
121,121,Starter,2024-05-29,2025-05-29,12,5701,Churned
122,122,Growth,2025-05-26,2027-05-26,24,12976,Active
123,123,Starter,2025-05-12,2026-05-12,12,7039,Churned
124,124,Enterprise,2025-02-14,2027-02-14,24,72334,Active
125,125,Starter,2025-12-03,2027-12-03,24,6729,Churned
126,126,Growth,2024-06-19,2025-06-19,12,13133,Churned
127,127,Enterprise,2026-03-08,2027-03-08,12,28074,Active
128,128,Growth,2025-04-13,2027-04-13,24,21599,Active
129,129,Growth,2025-10-17,2026-10-17,12,9710,Churned
130,130,Enterprise,2025-12-11,2026-12-11,12,39463,Active
131,131,Growth,2025-11-24,2027-11-24,24,16062,Active
132,132,Starter,2025-10-03,2026-10-03,12,3838,Active
133,133,Starter,2025-04-25,2026-04-25,12,6701,Churned
134,134,Starter,2025-12-30,2026-12-30,12,7682,Churned
135,135,Starter,2024-05-23,2025-05-23,12,5066,Active
136,136,Enterprise,2025-12-15,2026-12-15,12,49263,Churned
137,137,Starter,2024-04-07,2025-04-07,12,3882,Churned
138,138,Growth,2024-10-21,2026-10-21,24,9847,Churned
139,139,Starter,2025-05-18,2026-05-18,12,6159,Churned
140,140,Starter,2024-03-01,2025-03-01,12,6354,Churned
141,141,Growth,2024-05-30,2025-05-30,12,12959,Active
142,142,Starter,2024-03-14,2025-03-14,12,5281,Churned
143,143,Starter,2025-04-22,2026-04-22,12,7642,Active
144,144,Growth,2024-07-18,2025-07-18,12,22055,Churned
145,145,Starter,2025-08-31,2026-08-31,12,6715,Churned
146,146,Starter,2025-01-10,2026-01-10,12,7840,Active
147,147,Enterprise,2026-02-09,2027-02-09,12,33721,Churned
148,148,Starter,2025-05-08,2026-05-08,12,5986,Active
149,149,Growth,2025-12-20,2027-12-20,24,19103,Active
150,150,Growth,2025-11-11,2026-11-11,12,24839,Active
151,151,Starter,2025-08-11,2026-08-11,12,3063,Active
152,152,Enterprise,2025-10-29,2026-10-29,12,46013,Churned
153,153,Starter,2025-04-20,2026-04-20,12,4997,Active
154,154,Starter,2025-02-02,2026-02-02,12,3167,Churned
155,155,Growth,2024-12-29,2025-12-29,12,14527,Churned
156,156,Enterprise,2025-02-08,2026-02-08,12,59786,Active
157,157,Enterprise,2024-09-24,2026-09-24,24,54450,Churned
158,158,Enterprise,2026-02-24,2027-02-24,12,48688,Active
159,159,Growth,2025-05-10,2026-05-10,12,19533,Active
160,160,Growth,2026-01-09,2027-01-09,12,17372,Active
161,161,Starter,2024-12-01,2025-12-01,12,5053,Churned
162,162,Enterprise,2025-04-13,2026-04-13,12,41181,Active
163,163,Growth,2025-01-16,2026-01-16,12,8412,Active
164,164,Enterprise,2025-12-06,2026-12-06,12,27404,Active
165,165,Growth,2025-09-20,2026-09-20,12,10479,Churned
166,166,Enterprise,2025-10-24,2026-10-24,12,60750,Churned
167,167,Enterprise,2025-11-25,2026-11-25,12,78065,Active
168,168,Growth,2025-07-10,2027-07-10,24,19257,Active
169,169,Growth,2024-12-01,2026-12-01,24,18918,Active
170,170,Starter,2024-06-03,2025-06-03,12,3637,Active
171,171,Starter,2025-05-31,2027-05-31,24,3453,Active
172,172,Growth,2025-01-22,2027-01-22,24,16613,Churned
173,173,Enterprise,2025-10-26,2027-10-26,24,61219,Active
174,174,Starter,2024-11-21,2025-11-21,12,3053,Churned
175,175,Starter,2025-03-03,2026-03-03,12,3758,Churned
176,176,Growth,2024-10-11,2025-10-11,12,23117,Churned
177,177,Growth,2025-11-13,2026-11-13,12,14295,Active
178,178,Growth,2024-04-03,2025-04-03,12,18768,Churned
179,179,Starter,2025-07-15,2026-07-15,12,4150,Active
180,180,Growth,2025-11-22,2026-11-22,12,16957,Churned
181,181,Growth,2025-12-11,2027-12-11,24,16006,Active
182,182,Starter,2024-09-12,2025-09-12,12,7456,Active
183,183,Growth,2024-07-25,2025-07-25,12,14882,Active
184,184,Growth,2025-10-25,2026-10-25,12,14700,Active
185,185,Starter,2025-05-14,2026-05-14,12,7295,Churned
186,186,Growth,2025-01-11,2026-01-11,12,13295,Churned
187,187,Growth,2024-09-11,2025-09-11,12,19126,Churned
188,188,Starter,2025-03-05,2028-03-05,36,5319,Churned
189,189,Growth,2024-06-07,2026-06-07,24,18599,Active
190,190,Starter,2025-01-02,2026-01-02,12,5867,Churned
191,191,Growth,2024-06-05,2025-06-05,12,21217,Active
192,192,Growth,2025-03-10,2026-03-10,12,13994,Active
193,193,Starter,2024-10-02,2025-10-02,12,6400,Churned
194,194,Starter,2024-03-10,2025-03-10,12,3312,Churned
195,195,Enterprise,2024-07-20,2025-07-20,12,28925,Churned
196,196,Starter,2025-09-03,2028-09-03,36,3367,Churned
197,197,Enterprise,2024-12-23,2026-12-23,24,60446,Churned
198,198,Growth,2025-04-24,2026-04-24,12,12617,Active
199,199,Enterprise,2024-07-10,2025-07-10,12,42701,Churned
200,200,Starter,2024-12-03,2025-12-03,12,6730,Active
201,201,Growth,2025-06-03,2026-06-03,12,15849,Churned
202,202,Growth,2024-12-01,2026-12-01,24,22693,Active
203,203,Starter,2024-02-13,2025-02-13,12,3072,Churned
204,204,Growth,2024-09-17,2026-09-17,24,8358,Active
205,205,Starter,2025-04-05,2027-04-05,24,7802,Churned
206,206,Growth,2025-08-25,2026-08-25,12,23333,Churned
207,207,Enterprise,2024-07-25,2026-07-25,24,62982,Churned
208,208,Starter,2024-06-21,2025-06-21,12,4773,Churned
209,209,Growth,2024-05-20,2025-05-20,12,13678,Churned
210,210,Growth,2024-06-01,2027-06-01,36,15473,Churned
211,211,Starter,2025-11-17,2027-11-17,24,4491,Churned
212,212,Starter,2024-12-09,2025-12-09,12,7262,Churned
213,213,Enterprise,2024-03-22,2025-03-22,12,25606,Active
214,214,Starter,2026-01-01,2027-01-01,12,3607,Active
215,215,Growth,2024-06-18,2025-06-18,12,24608,Churned
216,216,Starter,2025-03-04,2026-03-04,12,3557,Churned
217,217,Starter,2024-09-24,2026-09-24,24,3247,Active
218,218,Starter,2025-08-11,2026-08-11,12,5527,Active
219,219,Growth,2025-08-15,2028-08-15,36,18546,Churned
220,220,Growth,2024-04-09,2025-04-09,12,16282,Active
221,221,Starter,2024-09-01,2025-09-01,12,5790,Churned
222,222,Enterprise,2025-03-21,2026-03-21,12,66738,Active
223,223,Growth,2025-07-16,2026-07-16,12,14836,Churned
224,224,Starter,2025-05-04,2028-05-04,36,7166,Active
225,225,Starter,2025-11-05,2028-11-05,36,3317,Active
226,226,Growth,2024-06-26,2025-06-26,12,18129,Churned
227,227,Starter,2025-08-23,2027-08-23,24,7070,Churned
228,228,Starter,2025-09-20,2026-09-20,12,4737,Churned
229,229,Growth,2025-11-27,2026-11-27,12,9644,Active
230,230,Enterprise,2024-03-16,2026-03-16,24,76762,Active
231,231,Growth,2025-05-17,2026-05-17,12,21308,Active
232,232,Growth,2025-08-13,2027-08-13,24,8864,Churned
233,233,Growth,2024-02-16,2025-02-16,12,13521,Churned
234,234,Growth,2025-03-16,2027-03-16,24,18562,Churned
235,235,Growth,2024-08-31,2025-08-31,12,20301,Churned
236,236,Growth,2026-01-21,2027-01-21,12,10562,Churned
237,237,Enterprise,2025-05-25,2026-05-25,12,26921,Active
238,238,Growth,2025-01-05,2026-01-05,12,23756,Churned
239,239,Starter,2025-07-21,2026-07-21,12,4139,Churned
240,240,Starter,2026-01-10,2027-01-10,12,4321,Churned
241,241,Growth,2025-10-21,2027-10-21,24,14539,Active
242,242,Enterprise,2024-12-12,2025-12-12,12,52667,Active
243,243,Enterprise,2026-01-24,2027-01-24,12,32223,Churned
244,244,Starter,2025-03-30,2027-03-30,24,7493,Churned
245,245,Enterprise,2025-07-12,2027-07-12,24,31797,Active
246,246,Enterprise,2024-08-30,2026-08-30,24,26911,Active
247,247,Starter,2025-09-21,2026-09-21,12,5627,Churned
248,248,Starter,2024-11-10,2025-11-10,12,7384,Active
249,249,Enterprise,2025-02-12,2027-02-12,24,29684,Churned
250,250,Growth,2025-06-19,2027-06-19,24,14556,Churned
251,251,Growth,2024-09-04,2025-09-04,12,19078,Active
252,252,Enterprise,2025-03-31,2026-03-31,12,31006,Active
253,253,Starter,2024-04-19,2025-04-19,12,3189,Churned
254,254,Enterprise,2024-05-18,2025-05-18,12,62289,Churned
255,255,Starter,2024-07-01,2025-07-01,12,4807,Active
256,256,Enterprise,2026-02-28,2027-02-28,12,35662,Churned
257,257,Enterprise,2025-10-07,2026-10-07,12,30525,Churned
258,258,Starter,2025-06-06,2026-06-06,12,5498,Churned
259,259,Starter,2025-08-16,2026-08-16,12,3331,Churned
260,260,Growth,2024-08-16,2025-08-16,12,15755,Churned
261,261,Starter,2025-05-02,2026-05-02,12,3055,Active
262,262,Starter,2024-03-31,2026-03-31,24,6318,Churned
263,263,Starter,2025-08-26,2026-08-26,12,4545,Active
264,264,Starter,2024-03-12,2025-03-12,12,3181,Churned
265,265,Starter,2025-04-09,2026-04-09,12,5281,Active
266,266,Growth,2025-02-13,2026-02-13,12,16572,Churned
267,267,Enterprise,2025-08-30,2026-08-30,12,44406,Churned
268,268,Enterprise,2025-03-08,2026-03-08,12,29935,Churned
269,269,Growth,2025-04-26,2026-04-26,12,17689,Active
270,270,Starter,2025-10-16,2026-10-16,12,4941,Churned
271,271,Starter,2025-10-03,2026-10-03,12,3180,Active
272,272,Enterprise,2025-01-13,2026-01-13,12,70174,Active
273,273,Growth,2024-05-16,2025-05-16,12,22506,Churned
274,274,Starter,2025-10-21,2026-10-21,12,7665,Active
275,275,Starter,2025-10-18,2026-10-18,12,5438,Churned
276,276,Growth,2025-06-29,2026-06-29,12,15199,Churned
277,277,Starter,2024-10-05,2025-10-05,12,3950,Churned
278,278,Enterprise,2025-08-13,2026-08-13,12,26767,Churned
279,279,Enterprise,2025-06-22,2027-06-22,24,47383,Churned
280,280,Starter,2025-04-15,2026-04-15,12,5940,Churned
281,281,Starter,2024-06-23,2026-06-23,24,6851,Active
282,282,Growth,2024-08-07,2025-08-07,12,12456,Active
283,283,Growth,2025-01-14,2026-01-14,12,13635,Churned
284,284,Starter,2024-06-09,2025-06-09,12,4572,Churned
285,285,Starter,2025-11-14,2026-11-14,12,7671,Active
286,286,Starter,2025-05-11,2026-05-11,12,5172,Churned
287,287,Starter,2024-05-14,2025-05-14,12,3072,Active
288,288,Starter,2024-07-09,2025-07-09,12,3780,Churned
289,289,Growth,2024-04-20,2026-04-20,24,22792,Churned
290,290,Starter,2024-10-31,2027-10-31,36,3623,Churned
291,291,Growth,2025-02-27,2026-02-27,12,24879,Active
292,292,Growth,2025-12-21,2026-12-21,12,22005,Active
293,293,Enterprise,2025-05-18,2028-05-18,36,68872,Churned
294,294,Growth,2024-03-14,2025-03-14,12,8218,Churned
295,295,Starter,2025-12-12,2026-12-12,12,4722,Churned
296,296,Growth,2025-06-12,2026-06-12,12,11998,Churned
297,297,Enterprise,2025-09-18,2026-09-18,12,28772,Churned
298,298,Starter,2024-10-15,2027-10-15,36,5774,Churned
299,299,Growth,2025-08-07,2027-08-07,24,17464,Churned
300,300,Enterprise,2025-11-03,2026-11-03,12,61460,Active
301,301,Enterprise,2025-08-09,2027-08-09,24,37921,Churned
302,302,Starter,2025-03-25,2026-03-25,12,7696,Churned
303,303,Growth,2025-06-10,2026-06-10,12,11010,Active
304,304,Starter,2024-08-07,2025-08-07,12,5444,Churned
305,305,Enterprise,2024-10-06,2025-10-06,12,51720,Churned
306,306,Growth,2024-09-15,2025-09-15,12,21758,Churned
307,307,Growth,2024-10-26,2025-10-26,12,24362,Active
308,308,Growth,2026-02-25,2027-02-25,12,15227,Active
309,309,Starter,2024-04-23,2025-04-23,12,6205,Churned
310,310,Enterprise,2024-11-01,2027-11-01,36,38048,Churned
311,311,Enterprise,2025-05-20,2026-05-20,12,56862,Churned
312,312,Starter,2025-05-13,2026-05-13,12,5871,Churned
313,313,Growth,2026-01-10,2027-01-10,12,11129,Churned
314,314,Starter,2025-04-22,2027-04-22,24,5515,Churned
315,315,Growth,2025-04-22,2028-04-22,36,19675,Churned
316,316,Growth,2024-10-20,2025-10-20,12,19593,Churned
317,317,Growth,2025-05-31,2026-05-31,12,15508,Churned
318,318,Starter,2025-02-12,2026-02-12,12,5821,Churned
319,319,Starter,2025-05-15,2027-05-15,24,4546,Active
320,320,Growth,2026-01-14,2027-01-14,12,23448,Active
321,321,Growth,2024-07-05,2025-07-05,12,16234,Churned
322,322,Starter,2026-01-17,2027-01-17,12,7658,Active
323,323,Growth,2024-10-06,2026-10-06,24,14087,Churned
324,324,Enterprise,2025-07-02,2026-07-02,12,37161,Churned
325,325,Starter,2025-06-19,2027-06-19,24,6709,Churned
326,326,Starter,2025-11-01,2026-11-01,12,4881,Churned
327,327,Growth,2024-09-17,2025-09-17,12,12521,Active
328,328,Enterprise,2024-03-13,2025-03-13,12,64823,Active
329,329,Growth,2024-10-17,2027-10-17,36,13930,Active
330,330,Enterprise,2026-01-05,2027-01-05,12,26988,Churned
331,331,Starter,2025-10-03,2026-10-03,12,3500,Active
332,332,Enterprise,2026-01-26,2028-01-26,24,26998,Churned
333,333,Starter,2024-07-09,2026-07-09,24,3894,Churned
334,334,Growth,2025-07-16,2027-07-16,24,20643,Active
335,335,Enterprise,2025-01-13,2026-01-13,12,70304,Churned
336,336,Starter,2024-07-06,2025-07-06,12,6784,Churned
337,337,Growth,2025-03-05,2026-03-05,12,15937,Active
338,338,Growth,2025-03-26,2026-03-26,12,23871,Active
339,339,Growth,2025-06-14,2026-06-14,12,17683,Active
340,340,Growth,2025-08-04,2026-08-04,12,18965,Churned
341,341,Enterprise,2025-12-05,2026-12-05,12,68310,Churned
342,342,Enterprise,2024-12-17,2025-12-17,12,58738,Active
343,343,Growth,2025-01-04,2026-01-04,12,16746,Churned
344,344,Starter,2024-03-10,2025-03-10,12,7931,Active
345,345,Enterprise,2025-04-04,2028-04-04,36,44316,Churned
346,346,Starter,2025-02-25,2026-02-25,12,4736,Active
347,347,Starter,2024-07-07,2025-07-07,12,7384,Churned
348,348,Growth,2025-04-26,2026-04-26,12,10707,Churned
349,349,Starter,2025-03-14,2026-03-14,12,7414,Churned
350,350,Growth,2024-09-08,2025-09-08,12,18456,Churned
351,351,Starter,2025-12-21,2027-12-21,24,6682,Churned
352,352,Growth,2024-07-03,2026-07-03,24,24246,Churned
353,353,Enterprise,2024-09-28,2026-09-28,24,41473,Churned
354,354,Growth,2024-12-19,2025-12-19,12,13678,Active
355,355,Starter,2025-06-13,2027-06-13,24,6167,Churned
356,356,Starter,2025-12-19,2027-12-19,24,5346,Churned
357,357,Starter,2025-03-17,2026-03-17,12,7947,Active
358,358,Growth,2025-05-19,2026-05-19,12,9620,Churned
359,359,Starter,2025-03-07,2026-03-07,12,4907,Active
360,360,Starter,2024-02-06,2027-02-06,36,4834,Active
361,361,Starter,2024-05-13,2025-05-13,12,6501,Churned
362,362,Enterprise,2026-02-21,2027-02-21,12,77777,Active
363,363,Growth,2024-02-29,2025-02-28,12,22760,Churned
364,364,Starter,2024-05-13,2025-05-13,12,7892,Active
365,365,Enterprise,2024-06-12,2025-06-12,12,39518,Churned
366,366,Starter,2024-11-14,2026-11-14,24,3319,Churned
367,367,Starter,2024-11-01,2025-11-01,12,5888,Churned
368,368,Starter,2025-07-17,2027-07-17,24,6972,Active
369,369,Starter,2025-07-08,2027-07-08,24,6981,Active
370,370,Growth,2025-03-15,2026-03-15,12,10812,Churned
371,371,Enterprise,2025-10-21,2027-10-21,24,56697,Active
372,372,Growth,2025-08-28,2027-08-28,24,8730,Active
373,373,Growth,2024-08-04,2025-08-04,12,13982,Active
374,374,Starter,2025-07-12,2026-07-12,12,4661,Churned
375,375,Starter,2024-06-29,2025-06-29,12,6248,Churned
376,376,Starter,2024-05-15,2026-05-15,24,5709,Churned
377,377,Starter,2025-10-02,2026-10-02,12,3410,Churned
378,378,Enterprise,2024-03-22,2026-03-22,24,50288,Churned
379,379,Enterprise,2025-07-23,2026-07-23,12,64541,Active
380,380,Enterprise,2024-12-27,2025-12-27,12,71984,Churned
381,381,Enterprise,2025-12-22,2026-12-22,12,47254,Churned
382,382,Enterprise,2025-12-04,2027-12-04,24,31638,Active
383,383,Enterprise,2025-06-18,2026-06-18,12,49212,Churned
384,384,Enterprise,2026-02-12,2027-02-12,12,50554,Churned
385,385,Starter,2024-03-29,2025-03-29,12,7402,Churned
386,386,Starter,2025-06-23,2026-06-23,12,5083,Active
387,387,Starter,2024-05-17,2025-05-17,12,3469,Churned
388,388,Enterprise,2026-02-08,2028-02-08,24,38166,Churned
389,389,Starter,2025-08-19,2027-08-19,24,7791,Churned
390,390,Growth,2025-11-20,2026-11-20,12,18062,Churned
391,391,Enterprise,2025-09-17,2026-09-17,12,25419,Active
392,392,Enterprise,2024-08-24,2027-08-24,36,49284,Active
393,393,Starter,2024-07-26,2025-07-26,12,7340,Churned
394,394,Starter,2025-05-04,2026-05-04,12,7879,Churned
395,395,Starter,2024-05-30,2025-05-30,12,4385,Churned
396,396,Enterprise,2024-11-28,2025-11-28,12,45772,Churned
397,397,Starter,2025-07-19,2028-07-19,36,7401,Churned
398,398,Growth,2026-01-19,2027-01-19,12,14378,Active
399,399,Starter,2025-05-13,2027-05-13,24,6762,Active
400,400,Starter,2026-03-04,2027-03-04,12,3856,Active
401,401,Starter,2025-03-29,2026-03-29,12,5880,Active
402,402,Starter,2025-06-18,2026-06-18,12,6501,Churned
403,403,Starter,2024-08-28,2025-08-28,12,4652,Churned
404,404,Enterprise,2025-03-22,2026-03-22,12,69622,Churned
405,405,Growth,2024-12-17,2025-12-17,12,12970,Churned
406,406,Starter,2024-11-22,2027-11-22,36,5935,Churned
407,407,Starter,2025-02-25,2027-02-25,24,6233,Active
408,408,Growth,2024-11-29,2025-11-29,12,10642,Active
409,409,Starter,2025-06-20,2026-06-20,12,5427,Churned
410,410,Enterprise,2025-07-06,2027-07-06,24,53956,Churned
411,411,Starter,2025-05-14,2026-05-14,12,4379,Active
412,412,Enterprise,2024-09-18,2025-09-18,12,62281,Churned
413,413,Growth,2025-05-04,2026-05-04,12,22629,Active
414,414,Growth,2024-02-24,2025-02-24,12,11922,Active
415,415,Enterprise,2025-12-02,2028-12-02,36,42101,Active
416,416,Enterprise,2024-06-30,2025-06-30,12,57349,Active
417,417,Enterprise,2024-03-20,2025-03-20,12,72282,Churned
418,418,Growth,2026-01-24,2027-01-24,12,9868,Churned
419,419,Starter,2025-05-23,2026-05-23,12,3249,Churned
420,420,Enterprise,2024-05-27,2025-05-27,12,67113,Active
421,421,Starter,2024-04-27,2025-04-27,12,3696,Active
422,422,Starter,2024-06-14,2025-06-14,12,4018,Active
423,423,Starter,2025-09-16,2026-09-16,12,6512,Active
424,424,Growth,2024-07-25,2025-07-25,12,13815,Churned
425,425,Growth,2025-08-22,2026-08-22,12,12078,Active
426,426,Growth,2025-06-10,2026-06-10,12,16467,Churned
427,427,Starter,2025-08-21,2026-08-21,12,5181,Active
428,428,Starter,2024-03-27,2025-03-27,12,7985,Churned
429,429,Starter,2025-04-11,2026-04-11,12,4939,Churned
430,430,Enterprise,2025-08-24,2026-08-24,12,28524,Active
431,431,Growth,2025-08-23,2028-08-23,36,20661,Churned
432,432,Growth,2024-09-04,2025-09-04,12,20625,Churned
433,433,Starter,2024-09-10,2025-09-10,12,3886,Churned
434,434,Starter,2024-03-22,2025-03-22,12,5596,Churned
435,435,Starter,2024-05-01,2025-05-01,12,7961,Churned
436,436,Enterprise,2024-10-16,2025-10-16,12,45538,Active
437,437,Enterprise,2025-08-13,2026-08-13,12,36575,Churned
438,438,Enterprise,2024-06-22,2026-06-22,24,29850,Active
439,439,Starter,2024-03-30,2026-03-30,24,7044,Active
440,440,Starter,2025-12-21,2026-12-21,12,6422,Active
441,441,Growth,2024-06-21,2025-06-21,12,15716,Active
442,442,Growth,2026-01-01,2028-01-01,24,18160,Churned
443,443,Growth,2025-11-01,2026-11-01,12,11998,Churned
444,444,Growth,2025-09-04,2026-09-04,12,17274,Churned
445,445,Starter,2025-08-03,2027-08-03,24,6913,Churned
446,446,Growth,2024-11-01,2025-11-01,12,17942,Churned
447,447,Growth,2025-06-04,2027-06-04,24,10456,Churned
448,448,Growth,2025-05-22,2026-05-22,12,12626,Churned
449,449,Starter,2025-01-09,2026-01-09,12,6920,Active
450,450,Growth,2024-11-25,2025-11-25,12,20392,Churned
451,451,Starter,2025-07-08,2026-07-08,12,7355,Active
452,452,Enterprise,2025-04-14,2026-04-14,12,43982,Active
453,453,Starter,2025-08-09,2026-08-09,12,4633,Active
454,454,Starter,2024-04-30,2026-04-30,24,3374,Churned
455,455,Growth,2024-11-29,2025-11-29,12,17883,Churned
456,456,Starter,2024-11-04,2025-11-04,12,4581,Churned
457,457,Starter,2024-05-29,2025-05-29,12,6750,Active
458,458,Enterprise,2024-03-28,2025-03-28,12,40454,Churned
459,459,Starter,2025-05-29,2027-05-29,24,5212,Churned
460,460,Starter,2024-08-20,2026-08-20,24,6939,Churned
461,461,Starter,2025-06-29,2026-06-29,12,7659,Active
462,462,Starter,2025-10-29,2027-10-29,24,6748,Active
463,463,Starter,2025-04-05,2027-04-05,24,7991,Active
464,464,Starter,2025-03-21,2027-03-21,24,4343,Churned
465,465,Starter,2025-12-12,2028-12-12,36,3007,Active
466,466,Starter,2024-05-08,2025-05-08,12,5935,Churned
467,467,Growth,2024-05-13,2025-05-13,12,21114,Active
468,468,Enterprise,2024-10-05,2025-10-05,12,25687,Churned
469,469,Starter,2024-10-06,2025-10-06,12,7486,Active
470,470,Growth,2024-08-02,2027-08-02,36,11248,Active
471,471,Growth,2024-11-15,2025-11-15,12,25000,Churned
472,472,Starter,2025-02-22,2026-02-22,12,3266,Churned
473,473,Starter,2024-02-01,2025-02-01,12,3986,Churned
474,474,Starter,2025-08-06,2026-08-06,12,3605,Active
475,475,Starter,2025-07-11,2026-07-11,12,4638,Churned
476,476,Starter,2025-04-03,2027-04-03,24,5810,Churned
477,477,Growth,2024-08-08,2026-08-08,24,12522,Churned
478,478,Growth,2024-05-09,2025-05-09,12,8717,Churned
479,479,Growth,2024-06-05,2026-06-05,24,21387,Churned
480,480,Growth,2024-09-01,2025-09-01,12,21364,Churned
481,481,Enterprise,2024-10-28,2026-10-28,24,68250,Churned
482,482,Starter,2024-07-01,2025-07-01,12,6150,Churned
483,483,Starter,2024-04-17,2026-04-17,24,3867,Churned
484,484,Starter,2025-09-09,2026-09-09,12,6592,Active
485,485,Starter,2025-06-19,2026-06-19,12,5946,Churned
486,486,Growth,2025-05-05,2026-05-05,12,13505,Churned
487,487,Starter,2025-09-03,2026-09-03,12,7442,Churned
488,488,Starter,2024-08-11,2025-08-11,12,6402,Churned
489,489,Growth,2024-05-30,2025-05-30,12,19280,Active
490,490,Starter,2024-04-08,2025-04-08,12,4553,Active
491,491,Starter,2024-12-07,2025-12-07,12,5190,Churned
492,492,Starter,2025-11-27,2027-11-27,24,6816,Churned
493,493,Growth,2026-01-14,2027-01-14,12,15692,Churned
494,494,Enterprise,2026-04-27,2027-04-27,12,36767,Churned
495,495,Enterprise,2025-09-10,2026-09-10,12,75292,Churned
496,496,Starter,2025-08-06,2026-08-06,12,7198,Churned
497,497,Enterprise,2025-02-06,2027-02-06,24,50188,Active
498,498,Starter,2025-03-31,2026-03-31,12,4657,Active
499,499,Starter,2024-02-22,2025-02-22,12,5969,Churned
500,500,Enterprise,2026-02-21,2027-02-21,12,27135,Churned
501,501,Starter,2024-05-05,2025-05-05,12,7899,Active
502,502,Growth,2025-07-18,2026-07-18,12,19431,Churned
503,503,Enterprise,2024-05-31,2027-05-31,36,39307,Active
504,504,Starter,2025-08-11,2026-08-11,12,5491,Churned
505,505,Starter,2024-12-04,2025-12-04,12,6101,Churned
506,506,Enterprise,2025-11-28,2026-11-28,12,59167,Active
507,507,Starter,2025-05-16,2026-05-16,12,3952,Active
508,508,Growth,2025-11-24,2026-11-24,12,12545,Active
509,509,Enterprise,2025-09-06,2026-09-06,12,44949,Churned
510,510,Starter,2024-09-23,2026-09-23,24,4199,Active
511,511,Starter,2025-05-16,2026-05-16,12,7378,Churned
512,512,Starter,2024-07-19,2025-07-19,12,5646,Churned
513,513,Growth,2024-05-15,2025-05-15,12,8702,Churned
514,514,Starter,2024-11-15,2025-11-15,12,4098,Churned
515,515,Starter,2024-08-15,2025-08-15,12,6666,Active
516,516,Enterprise,2024-04-09,2025-04-09,12,60316,Churned
517,517,Starter,2025-03-05,2026-03-05,12,3132,Active
518,518,Growth,2024-11-21,2025-11-21,12,9180,Active
519,519,Growth,2024-11-08,2026-11-08,24,8146,Churned
520,520,Starter,2024-06-18,2025-06-18,12,6861,Active
521,521,Enterprise,2024-04-30,2027-04-30,36,51436,Churned
522,522,Starter,2024-11-06,2025-11-06,12,7413,Churned
523,523,Growth,2026-01-13,2028-01-13,24,18679,Active
524,524,Growth,2024-10-21,2025-10-21,12,20329,Churned
525,525,Growth,2024-10-04,2025-10-04,12,13921,Active
526,526,Growth,2025-11-24,2026-11-24,12,22131,Active
527,527,Growth,2025-11-28,2026-11-28,12,21099,Active
528,528,Growth,2024-12-11,2025-12-11,12,9563,Churned
529,529,Starter,2024-07-25,2025-07-25,12,6904,Churned
530,530,Starter,2024-11-23,2025-11-23,12,4393,Churned
531,531,Growth,2024-05-03,2025-05-03,12,23210,Churned
532,532,Starter,2026-01-10,2029-01-10,36,4983,Churned
533,533,Starter,2025-07-17,2026-07-17,12,3782,Active
534,534,Enterprise,2026-06-09,2027-06-09,12,60895,Active
535,535,Growth,2024-09-30,2025-09-30,12,15948,Churned
536,536,Growth,2024-09-07,2025-09-07,12,8515,Churned
537,537,Growth,2024-11-22,2025-11-22,12,20944,Churned
538,538,Starter,2025-04-05,2026-04-05,12,7796,Active
539,539,Growth,2025-08-30,2027-08-30,24,20561,Churned
540,540,Growth,2025-09-01,2026-09-01,12,12557,Active
541,541,Growth,2024-11-10,2027-11-10,36,21915,Churned
542,542,Growth,2024-11-07,2025-11-07,12,15306,Churned
543,543,Enterprise,2025-11-02,2026-11-02,12,54388,Active
544,544,Starter,2025-02-24,2026-02-24,12,6466,Active
545,545,Starter,2024-02-06,2025-02-06,12,3689,Churned
546,546,Growth,2025-07-20,2026-07-20,12,8884,Churned
547,547,Growth,2024-08-21,2025-08-21,12,23480,Churned
548,548,Enterprise,2024-05-10,2025-05-10,12,74337,Churned
549,549,Growth,2025-10-10,2026-10-10,12,8699,Active
550,550,Enterprise,2024-02-15,2025-02-15,12,76114,Churned
551,551,Starter,2025-02-19,2026-02-19,12,3543,Churned
552,552,Starter,2025-09-20,2026-09-20,12,5039,Active
553,553,Starter,2024-08-26,2025-08-26,12,7822,Active
554,554,Starter,2024-04-21,2025-04-21,12,7489,Active
555,555,Starter,2025-12-16,2026-12-16,12,5291,Churned
556,556,Growth,2025-08-27,2026-08-27,12,22474,Churned
557,557,Starter,2026-01-13,2027-01-13,12,5757,Churned
558,558,Growth,2025-04-11,2026-04-11,12,19184,Churned
559,559,Starter,2025-08-05,2026-08-05,12,5851,Churned
560,560,Growth,2026-01-21,2027-01-21,12,20535,Active
561,561,Starter,2024-07-12,2025-07-12,12,4160,Churned
562,562,Starter,2025-07-28,2026-07-28,12,4803,Active
563,563,Growth,2024-04-19,2025-04-19,12,8527,Active
564,564,Enterprise,2025-03-22,2026-03-22,12,31855,Churned
565,565,Enterprise,2025-11-09,2026-11-09,12,45467,Active
566,566,Growth,2025-05-23,2026-05-23,12,8327,Churned
567,567,Starter,2025-02-05,2026-02-05,12,4858,Active
568,568,Enterprise,2024-04-29,2025-04-29,12,61733,Active
569,569,Enterprise,2024-05-11,2025-05-11,12,37389,Active
570,570,Growth,2024-04-05,2025-04-05,12,21880,Churned
571,571,Growth,2024-11-03,2025-11-03,12,8427,Active
572,572,Enterprise,2025-05-29,2026-05-29,12,29625,Active
573,573,Starter,2025-09-14,2026-09-14,12,7368,Churned
574,574,Starter,2024-04-01,2025-04-01,12,5454,Churned
575,575,Growth,2025-08-04,2026-08-04,12,10043,Churned
576,576,Enterprise,2025-01-22,2027-01-22,24,28420,Churned
577,577,Starter,2025-09-27,2026-09-27,12,7713,Active
578,578,Growth,2025-11-14,2026-11-14,12,14648,Churned
579,579,Growth,2025-01-22,2026-01-22,12,9292,Active
580,580,Growth,2024-04-28,2025-04-28,12,20580,Churned
581,581,Growth,2025-01-09,2026-01-09,12,11676,Churned
582,582,Starter,2025-03-10,2026-03-10,12,5548,Churned
583,583,Enterprise,2025-05-11,2026-05-11,12,56785,Churned
584,584,Starter,2025-01-14,2028-01-14,36,3316,Churned
585,585,Starter,2026-02-13,2027-02-13,12,6602,Active
586,586,Starter,2025-08-31,2027-08-31,24,5772,Active
587,587,Starter,2025-11-02,2026-11-02,12,7489,Active
588,588,Starter,2025-08-01,2026-08-01,12,6983,Churned
589,589,Enterprise,2025-05-12,2027-05-12,24,38641,Active
590,590,Growth,2025-06-14,2026-06-14,12,12100,Churned
591,591,Enterprise,2024-11-30,2025-11-30,12,26063,Churned
592,592,Starter,2025-07-25,2026-07-25,12,4673,Churned
593,593,Growth,2024-11-13,2025-11-13,12,24550,Active
594,594,Enterprise,2025-11-14,2026-11-14,12,76285,Active
595,595,Starter,2025-12-04,2026-12-04,12,7852,Active
596,596,Starter,2025-04-24,2026-04-24,12,5469,Churned
597,597,Starter,2024-07-31,2025-07-31,12,3239,Active
598,598,Enterprise,2025-07-28,2028-07-28,36,26506,Active
599,599,Starter,2024-06-13,2026-06-13,24,5936,Churned
600,600,Starter,2026-03-01,2027-03-01,12,6690,Active
601,601,Starter,2024-04-19,2025-04-19,12,4445,Churned
602,602,Growth,2025-11-20,2026-11-20,12,8245,Churned
603,603,Growth,2026-02-11,2028-02-11,24,9256,Active
604,604,Growth,2024-06-19,2026-06-19,24,8294,Churned
605,605,Growth,2025-12-29,2027-12-29,24,22248,Active
606,606,Growth,2025-01-22,2026-01-22,12,18888,Active
607,607,Enterprise,2025-03-20,2027-03-20,24,31370,Active
608,608,Enterprise,2024-10-12,2025-10-12,12,47384,Churned
609,609,Enterprise,2024-11-18,2025-11-18,12,77203,Churned
610,610,Starter,2025-07-30,2026-07-30,12,6238,Active
611,611,Enterprise,2025-04-02,2026-04-02,12,54470,Active
612,612,Growth,2024-12-02,2026-12-02,24,19501,Churned
613,613,Growth,2024-07-02,2025-07-02,12,19838,Churned
614,614,Enterprise,2025-07-09,2027-07-09,24,72878,Active
615,615,Starter,2024-11-18,2025-11-18,12,5152,Churned
616,616,Growth,2025-05-09,2026-05-09,12,13160,Churned
617,617,Enterprise,2024-12-01,2025-12-01,12,37128,Churned
618,618,Enterprise,2024-07-03,2025-07-03,12,43551,Churned
619,619,Growth,2024-06-11,2025-06-11,12,11143,Active
620,620,Growth,2025-01-18,2026-01-18,12,18351,Churned
621,621,Growth,2025-11-29,2026-11-29,12,18137,Active
622,622,Starter,2025-04-11,2026-04-11,12,7704,Churned
623,623,Growth,2024-10-16,2025-10-16,12,20266,Churned
624,624,Growth,2024-07-26,2026-07-26,24,11608,Churned
625,625,Starter,2025-09-19,2026-09-19,12,4668,Churned
626,626,Enterprise,2024-12-06,2025-12-06,12,61298,Active
627,627,Growth,2024-06-24,2025-06-24,12,23843,Churned
628,628,Growth,2025-04-26,2026-04-26,12,17927,Churned
629,629,Growth,2024-08-18,2025-08-18,12,24182,Active
630,630,Growth,2024-05-02,2025-05-02,12,19674,Churned
631,631,Starter,2025-08-02,2026-08-02,12,7113,Churned
632,632,Growth,2025-11-10,2027-11-10,24,13264,Active
633,633,Starter,2024-05-09,2027-05-09,36,4577,Churned
634,634,Growth,2025-10-26,2026-10-26,12,9248,Churned
635,635,Starter,2026-02-03,2027-02-03,12,4220,Active
636,636,Starter,2025-06-25,2027-06-25,24,7711,Churned
637,637,Growth,2025-03-31,2026-03-31,12,8993,Churned
638,638,Growth,2025-04-10,2026-04-10,12,9487,Active
639,639,Starter,2024-02-23,2025-02-23,12,5588,Churned
640,640,Starter,2025-05-10,2026-05-10,12,3003,Active
641,641,Enterprise,2026-06-08,2027-06-08,12,68325,Active
642,642,Growth,2025-05-18,2027-05-18,24,9211,Churned
643,643,Growth,2024-04-11,2025-04-11,12,10207,Active
644,644,Growth,2024-06-21,2025-06-21,12,11968,Churned
645,645,Starter,2025-09-24,2026-09-24,12,7381,Active
646,646,Starter,2025-01-11,2026-01-11,12,3707,Churned
647,647,Starter,2025-10-10,2027-10-10,24,6460,Churned
648,648,Starter,2025-07-15,2026-07-15,12,6903,Churned
649,649,Enterprise,2024-12-05,2026-12-05,24,35499,Churned
650,650,Growth,2024-06-05,2026-06-05,24,15458,Active
651,651,Growth,2026-02-20,2027-02-20,12,17414,Active
652,652,Starter,2024-12-01,2025-12-01,12,3560,Active
653,653,Starter,2025-11-16,2026-11-16,12,5596,Active
654,654,Growth,2024-12-31,2026-12-31,24,23019,Churned
655,655,Growth,2024-06-07,2025-06-07,12,10728,Active
656,656,Starter,2024-09-16,2025-09-16,12,5097,Active
657,657,Starter,2024-06-30,2025-06-30,12,3582,Churned
658,658,Starter,2025-05-19,2026-05-19,12,3996,Churned
659,659,Growth,2025-05-26,2026-05-26,12,15157,Churned
660,660,Growth,2024-07-07,2025-07-07,12,12952,Churned
661,661,Starter,2025-12-03,2026-12-03,12,3899,Active
662,662,Growth,2026-01-26,2027-01-26,12,9301,Churned
663,663,Starter,2024-03-19,2025-03-19,12,5945,Churned
664,664,Starter,2025-10-29,2027-10-29,24,3478,Churned
665,665,Starter,2024-02-19,2025-02-19,12,3507,Churned
666,666,Starter,2024-03-30,2025-03-30,12,5880,Churned
667,667,Enterprise,2026-01-01,2029-01-01,36,44078,Active
668,668,Growth,2024-10-08,2025-10-08,12,9857,Churned
669,669,Starter,2025-07-30,2028-07-30,36,3272,Churned
670,670,Growth,2025-07-10,2028-07-10,36,17433,Churned
671,671,Growth,2025-05-26,2026-05-26,12,12401,Churned
672,672,Starter,2024-07-25,2026-07-25,24,6950,Churned
673,673,Starter,2024-05-24,2026-05-24,24,5142,Churned
674,674,Growth,2025-05-19,2026-05-19,12,10470,Churned
675,675,Starter,2024-07-16,2026-07-16,24,6543,Churned
676,676,Growth,2025-08-20,2026-08-20,12,23587,Churned
677,677,Growth,2024-11-21,2026-11-21,24,16073,Churned
678,678,Starter,2025-05-09,2026-05-09,12,7923,Active
679,679,Starter,2024-10-25,2025-10-25,12,7517,Active
680,680,Starter,2026-01-01,2027-01-01,12,4793,Churned
681,681,Starter,2024-08-11,2025-08-11,12,7759,Active
682,682,Starter,2024-12-31,2025-12-31,12,5094,Churned
683,683,Starter,2026-01-06,2027-01-06,12,4697,Churned
684,684,Starter,2025-06-18,2026-06-18,12,7003,Churned
685,685,Growth,2025-06-29,2026-06-29,12,20557,Churned
686,686,Growth,2025-09-04,2026-09-04,12,22168,Churned
687,687,Growth,2024-02-20,2026-02-20,24,12455,Churned
688,688,Enterprise,2024-11-15,2025-11-15,12,36904,Active
689,689,Growth,2024-06-11,2025-06-11,12,21320,Churned
690,690,Starter,2025-02-15,2026-02-15,12,5701,Active
691,691,Growth,2025-02-03,2027-02-03,24,19680,Active
692,692,Starter,2025-07-24,2026-07-24,12,3761,Active
693,693,Growth,2024-08-21,2025-08-21,12,14148,Churned
694,694,Starter,2024-12-06,2025-12-06,12,4238,Active
695,695,Growth,2025-03-12,2026-03-12,12,8402,Active
696,696,Growth,2024-07-24,2026-07-24,24,17031,Churned
697,697,Starter,2024-06-15,2026-06-15,24,4500,Churned
698,698,Starter,2024-07-13,2025-07-13,12,5904,Active
699,699,Growth,2025-11-30,2026-11-30,12,24367,Active
700,700,Starter,2024-11-12,2025-11-12,12,5336,Churned
701,701,Growth,2024-09-11,2025-09-11,12,14628,Active
702,702,Starter,2025-04-03,2026-04-03,12,4716,Active
703,703,Growth,2026-01-18,2029-01-18,36,22143,Churned
704,704,Enterprise,2025-03-24,2027-03-24,24,45440,Churned
705,705,Starter,2026-01-25,2029-01-25,36,5985,Churned
706,706,Growth,2024-12-26,2025-12-26,12,23020,Churned
707,707,Growth,2025-12-26,2027-12-26,24,16472,Active
708,708,Growth,2024-10-16,2027-10-16,36,19921,Churned
709,709,Starter,2025-11-29,2026-11-29,12,3643,Active
710,710,Growth,2024-07-16,2025-07-16,12,22887,Churned
711,711,Starter,2024-04-18,2025-04-18,12,7163,Active
712,712,Growth,2025-07-31,2027-07-31,24,12666,Active
713,713,Growth,2024-12-20,2025-12-20,12,8945,Churned
714,714,Enterprise,2025-10-30,2026-10-30,12,48725,Churned
715,715,Starter,2024-01-29,2025-01-29,12,4427,Churned
716,716,Growth,2025-10-06,2026-10-06,12,23915,Churned
717,717,Starter,2024-06-25,2026-06-25,24,5667,Churned
718,718,Starter,2024-05-13,2025-05-13,12,7178,Churned
719,719,Starter,2025-02-17,2026-02-17,12,4812,Churned
720,720,Growth,2024-11-05,2025-11-05,12,21174,Active
721,721,Starter,2025-07-10,2026-07-10,12,5110,Churned
722,722,Starter,2025-07-03,2026-07-03,12,7996,Churned
723,723,Growth,2025-04-01,2026-04-01,12,13443,Churned
724,724,Growth,2025-09-30,2026-09-30,12,11279,Churned
725,725,Starter,2024-12-31,2026-12-31,24,5572,Churned
726,726,Growth,2025-08-27,2026-08-27,12,9665,Active
727,727,Growth,2024-05-28,2027-05-28,36,23881,Churned
728,728,Growth,2025-01-10,2026-01-10,12,8148,Active
729,729,Growth,2025-01-25,2026-01-25,12,21675,Churned
730,730,Starter,2025-07-29,2026-07-29,12,5828,Active
731,731,Growth,2024-11-03,2026-11-03,24,15620,Churned
732,732,Enterprise,2024-12-22,2026-12-22,24,28140,Active
733,733,Enterprise,2025-12-19,2027-12-19,24,34609,Active
734,734,Growth,2025-02-10,2026-02-10,12,22525,Churned
735,735,Starter,2025-09-07,2026-09-07,12,7569,Churned
736,736,Growth,2025-04-30,2026-04-30,12,21440,Churned
737,737,Starter,2025-05-13,2026-05-13,12,7655,Churned
738,738,Enterprise,2026-03-02,2027-03-02,12,36299,Active
739,739,Enterprise,2024-07-27,2025-07-27,12,28049,Churned
740,740,Growth,2024-06-18,2025-06-18,12,16269,Active
741,741,Growth,2025-07-23,2028-07-23,36,10405,Churned
742,742,Growth,2025-02-16,2027-02-16,24,21613,Active
743,743,Starter,2024-01-24,2025-01-24,12,3086,Churned
744,744,Starter,2025-06-16,2026-06-16,12,7250,Churned
745,745,Enterprise,2024-04-26,2025-04-26,12,56807,Active
746,746,Enterprise,2024-06-16,2025-06-16,12,74530,Churned
747,747,Starter,2024-02-25,2025-02-25,12,4378,Churned
748,748,Starter,2025-07-03,2026-07-03,12,5169,Churned
749,749,Starter,2025-05-11,2026-05-11,12,7574,Churned
750,750,Growth,2025-07-27,2026-07-27,12,23113,Active
751,751,Growth,2024-06-12,2025-06-12,12,16939,Churned
752,752,Starter,2025-06-19,2026-06-19,12,3469,Active
753,753,Growth,2024-12-03,2025-12-03,12,20115,Churned
754,754,Starter,2025-07-31,2026-07-31,12,5439,Active
755,755,Starter,2024-09-01,2025-09-01,12,5158,Churned
756,756,Enterprise,2025-02-07,2026-02-07,12,55552,Churned
757,757,Growth,2024-08-29,2025-08-29,12,9176,Churned
758,758,Starter,2024-11-11,2025-11-11,12,4771,Active
759,759,Growth,2024-10-02,2025-10-02,12,19301,Active
760,760,Starter,2024-05-19,2025-05-19,12,7701,Churned
761,761,Starter,2025-04-08,2026-04-08,12,7297,Active
762,762,Growth,2024-08-18,2026-08-18,24,10854,Churned
763,763,Growth,2024-09-22,2025-09-22,12,14120,Active
764,764,Growth,2025-05-22,2026-05-22,12,11923,Churned
765,765,Starter,2025-01-11,2026-01-11,12,4662,Churned
766,766,Starter,2024-04-27,2025-04-27,12,6747,Active
767,767,Starter,2024-11-24,2025-11-24,12,5030,Active
768,768,Growth,2024-03-17,2025-03-17,12,15586,Churned
769,769,Growth,2025-10-14,2026-10-14,12,17242,Churned
770,770,Growth,2024-03-31,2025-03-31,12,21439,Active
771,771,Enterprise,2025-04-12,2026-04-12,12,31183,Churned
772,772,Enterprise,2024-06-20,2026-06-20,24,34224,Active
773,773,Starter,2024-08-25,2026-08-25,24,3856,Churned
774,774,Growth,2025-03-17,2027-03-17,24,21350,Active
775,775,Growth,2024-11-24,2025-11-24,12,21023,Churned
776,776,Enterprise,2025-09-13,2026-09-13,12,68675,Active
777,777,Enterprise,2025-09-19,2027-09-19,24,41342,Churned
778,778,Enterprise,2024-06-02,2025-06-02,12,49857,Churned
779,779,Growth,2024-07-05,2026-07-05,24,13451,Active
780,780,Starter,2025-09-21,2026-09-21,12,6658,Churned
781,781,Starter,2025-06-13,2027-06-13,24,7755,Churned
782,782,Enterprise,2025-08-06,2026-08-06,12,56832,Active
783,783,Growth,2024-07-08,2027-07-08,36,18232,Active
784,784,Enterprise,2025-09-20,2026-09-20,12,58142,Churned
785,785,Growth,2025-09-24,2026-09-24,12,22344,Active
786,786,Growth,2025-08-27,2026-08-27,12,22170,Active
787,787,Starter,2024-11-16,2026-11-16,24,5123,Active
788,788,Growth,2024-03-24,2025-03-24,12,20687,Churned
789,789,Starter,2025-09-04,2026-09-04,12,3156,Active
790,790,Enterprise,2025-08-03,2026-08-03,12,78328,Churned
791,791,Starter,2026-02-12,2027-02-12,12,3595,Active
792,792,Starter,2025-01-13,2026-01-13,12,3745,Active
793,793,Starter,2024-05-02,2027-05-02,36,7395,Churned
794,794,Starter,2024-03-19,2025-03-19,12,6657,Active
795,795,Growth,2024-06-09,2025-06-09,12,16524,Active
796,796,Growth,2025-12-01,2027-12-01,24,16386,Churned
797,797,Growth,2024-12-26,2026-12-26,24,21608,Churned
798,798,Growth,2024-12-31,2025-12-31,12,11395,Churned
799,799,Enterprise,2025-06-08,2026-06-08,12,58025,Churned
800,800,Starter,2026-02-03,2027-02-03,12,4483,Churned
801,801,Starter,2024-09-28,2025-09-28,12,4363,Churned
802,802,Growth,2026-01-27,2027-01-27,12,8428,Active
803,803,Starter,2025-01-27,2026-01-27,12,4279,Churned
804,804,Starter,2025-06-15,2028-06-15,36,3505,Churned
805,805,Starter,2024-04-11,2025-04-11,12,5437,Churned
806,806,Starter,2025-04-17,2026-04-17,12,7871,Active
807,807,Growth,2025-04-30,2026-04-30,12,9768,Churned
808,808,Starter,2025-09-09,2027-09-09,24,6954,Churned
809,809,Growth,2025-09-13,2026-09-13,12,11388,Churned
810,810,Starter,2024-11-19,2026-11-19,24,5512,Active
811,811,Starter,2024-07-17,2025-07-17,12,4493,Churned
812,812,Growth,2025-03-06,2026-03-06,12,17443,Churned
813,813,Growth,2025-06-12,2026-06-12,12,15414,Churned
814,814,Growth,2024-04-23,2025-04-23,12,21829,Active
815,815,Growth,2026-01-17,2027-01-17,12,16546,Churned
816,816,Growth,2025-04-19,2026-04-19,12,19945,Churned
817,817,Starter,2025-01-17,2026-01-17,12,6870,Active
818,818,Growth,2024-06-13,2025-06-13,12,22308,Churned
819,819,Starter,2025-06-10,2026-06-10,12,4521,Churned
820,820,Starter,2024-08-15,2025-08-15,12,6376,Churned
821,821,Enterprise,2026-02-10,2027-02-10,12,42836,Active
822,822,Starter,2024-07-20,2025-07-20,12,4553,Churned
823,823,Growth,2026-01-16,2027-01-16,12,8830,Churned
824,824,Growth,2025-09-06,2026-09-06,12,20582,Churned
825,825,Starter,2025-02-12,2027-02-12,24,3043,Churned
826,826,Starter,2025-01-22,2026-01-22,12,7252,Churned
827,827,Growth,2024-07-25,2026-07-25,24,23211,Active
828,828,Enterprise,2024-03-01,2026-03-01,24,52952,Churned
829,829,Growth,2025-04-06,2026-04-06,12,19982,Churned
830,830,Starter,2024-03-12,2025-03-12,12,3192,Active
831,831,Starter,2025-05-27,2027-05-27,24,5241,Churned
832,832,Growth,2024-08-18,2025-08-18,12,9751,Churned
833,833,Starter,2025-07-31,2026-07-31,12,6888,Active
834,834,Growth,2025-09-19,2027-09-19,24,8948,Churned
835,835,Enterprise,2025-03-18,2026-03-18,12,36411,Churned
836,836,Growth,2025-09-05,2026-09-05,12,22879,Churned
837,837,Starter,2025-03-13,2026-03-13,12,7224,Churned
838,838,Growth,2025-01-19,2026-01-19,12,17532,Active
839,839,Starter,2025-11-13,2026-11-13,12,3845,Churned
840,840,Growth,2025-01-23,2026-01-23,12,18388,Churned
841,841,Growth,2025-09-10,2026-09-10,12,9965,Active
842,842,Growth,2025-08-28,2026-08-28,12,8857,Churned
843,843,Growth,2024-08-10,2025-08-10,12,23062,Churned
844,844,Starter,2024-04-05,2026-04-05,24,5753,Active
845,845,Growth,2024-07-27,2026-07-27,24,13273,Churned
846,846,Starter,2025-11-20,2026-11-20,12,3073,Active
847,847,Starter,2025-04-01,2027-04-01,24,5492,Active
848,848,Growth,2025-08-03,2026-08-03,12,14555,Active
849,849,Enterprise,2024-08-16,2025-08-16,12,51137,Churned
850,850,Growth,2026-02-02,2027-02-02,12,22116,Active
851,851,Growth,2024-08-25,2026-08-25,24,12109,Active
852,852,Growth,2024-04-05,2026-04-05,24,15910,Churned
853,853,Growth,2024-12-24,2027-12-24,36,11101,Churned
854,854,Growth,2025-10-23,2026-10-23,12,22271,Active
855,855,Starter,2025-07-28,2026-07-28,12,4185,Churned
856,856,Growth,2025-06-11,2026-06-11,12,11683,Churned
857,857,Enterprise,2024-11-06,2025-11-06,12,41752,Churned
858,858,Growth,2025-11-06,2026-11-06,12,23203,Churned
859,859,Growth,2024-10-09,2025-10-09,12,15772,Churned
860,860,Starter,2024-08-09,2025-08-09,12,7000,Churned
861,861,Growth,2024-10-27,2025-10-27,12,17483,Churned
862,862,Starter,2025-09-12,2026-09-12,12,6786,Active
863,863,Starter,2024-02-11,2026-02-11,24,6334,Churned
864,864,Growth,2025-07-20,2026-07-20,12,12053,Active
865,865,Growth,2024-08-05,2026-08-05,24,16374,Active
866,866,Enterprise,2026-01-28,2027-01-28,12,62920,Churned
867,867,Starter,2025-01-20,2026-01-20,12,4820,Active
868,868,Growth,2025-08-26,2026-08-26,12,12756,Churned
869,869,Starter,2024-12-09,2025-12-09,12,4370,Churned
870,870,Enterprise,2024-10-11,2025-10-11,12,58464,Churned
871,871,Enterprise,2025-04-10,2026-04-10,12,29789,Churned
872,872,Starter,2026-01-03,2027-01-03,12,4236,Churned
873,873,Starter,2025-03-08,2026-03-08,12,7626,Churned
874,874,Enterprise,2025-06-11,2026-06-11,12,60272,Active
875,875,Starter,2025-01-25,2026-01-25,12,6955,Active
876,876,Starter,2025-12-03,2026-12-03,12,6066,Churned
877,877,Growth,2025-12-22,2028-12-22,36,22986,Active
878,878,Growth,2024-05-05,2025-05-05,12,13671,Churned
879,879,Starter,2024-04-05,2025-04-05,12,7878,Churned
880,880,Growth,2025-07-28,2026-07-28,12,15760,Active
881,881,Enterprise,2024-09-21,2026-09-21,24,45922,Churned
882,882,Growth,2025-01-18,2026-01-18,12,15192,Active
883,883,Growth,2025-03-09,2026-03-09,12,14291,Active
884,884,Growth,2025-01-27,2027-01-27,24,9211,Churned
885,885,Starter,2025-04-06,2027-04-06,24,7012,Active
886,886,Enterprise,2026-02-16,2029-02-16,36,30430,Active
887,887,Starter,2025-08-19,2026-08-19,12,7595,Churned
888,888,Growth,2025-04-07,2027-04-07,24,14029,Churned
889,889,Starter,2024-05-11,2025-05-11,12,4304,Churned
890,890,Growth,2025-05-23,2026-05-23,12,24571,Active
891,891,Starter,2025-05-18,2026-05-18,12,3319,Churned
892,892,Starter,2025-07-23,2026-07-23,12,5193,Churned
893,893,Starter,2024-04-12,2025-04-12,12,6236,Churned
894,894,Enterprise,2024-04-25,2025-04-25,12,72532,Churned
895,895,Growth,2024-10-11,2025-10-11,12,8583,Churned
896,896,Growth,2025-02-08,2026-02-08,12,12268,Active
897,897,Enterprise,2024-04-23,2026-04-23,24,76530,Churned
898,898,Growth,2025-07-05,2026-07-05,12,13147,Active
899,899,Enterprise,2024-12-11,2026-12-11,24,44879,Active
900,900,Starter,2025-12-04,2027-12-04,24,4523,Churned
901,901,Starter,2025-01-03,2026-01-03,12,3427,Churned
902,902,Enterprise,2025-03-11,2026-03-11,12,41706,Churned
903,903,Growth,2025-01-06,2026-01-06,12,18310,Active
904,904,Growth,2024-04-16,2025-04-16,12,20546,Churned
905,905,Growth,2024-12-12,2025-12-12,12,10338,Active
906,906,Starter,2025-11-04,2026-11-04,12,6799,Churned
907,907,Starter,2025-12-17,2026-12-17,12,3907,Churned
908,908,Starter,2024-09-06,2025-09-06,12,3899,Churned
909,909,Growth,2025-03-15,2026-03-15,12,22398,Churned
910,910,Starter,2024-10-25,2025-10-25,12,4335,Active
911,911,Starter,2024-10-02,2025-10-02,12,3842,Active
912,912,Enterprise,2025-10-15,2026-10-15,12,46594,Churned
913,913,Growth,2024-02-10,2025-02-10,12,16483,Active
914,914,Starter,2024-03-23,2025-03-23,12,6804,Churned
915,915,Starter,2025-02-19,2026-02-19,12,6587,Active
916,916,Starter,2025-11-22,2026-11-22,12,7543,Active
917,917,Starter,2024-11-27,2025-11-27,12,4088,Churned
918,918,Starter,2025-12-07,2026-12-07,12,7243,Active
919,919,Enterprise,2024-07-21,2025-07-21,12,36004,Active
920,920,Starter,2025-12-10,2026-12-10,12,4474,Active
921,921,Growth,2026-02-25,2027-02-25,12,20489,Churned
922,922,Enterprise,2024-05-15,2025-05-15,12,46082,Churned
923,923,Growth,2024-06-17,2026-06-17,24,11954,Churned
924,924,Starter,2024-12-29,2025-12-29,12,5829,Churned
925,925,Enterprise,2025-02-28,2026-02-28,12,51134,Churned
926,926,Starter,2026-01-03,2027-01-03,12,3238,Active
927,927,Growth,2025-09-02,2027-09-02,24,11372,Active
928,928,Starter,2025-12-20,2026-12-20,12,3457,Churned
929,929,Growth,2025-07-15,2026-07-15,12,9679,Active
930,930,Starter,2025-01-15,2026-01-15,12,5912,Churned
931,931,Enterprise,2025-08-15,2026-08-15,12,74918,Churned
932,932,Starter,2025-02-11,2026-02-11,12,4521,Churned
933,933,Starter,2024-09-20,2025-09-20,12,6574,Churned
934,934,Starter,2025-01-03,2026-01-03,12,5239,Churned
935,935,Enterprise,2024-10-28,2025-10-28,12,60385,Churned
936,936,Starter,2024-02-16,2027-02-16,36,6482,Churned
937,937,Growth,2025-08-30,2026-08-30,12,15666,Active
938,938,Growth,2024-10-21,2025-10-21,12,15989,Active
939,939,Growth,2025-09-16,2026-09-16,12,11737,Churned
940,940,Starter,2024-10-17,2025-10-17,12,7091,Active
941,941,Growth,2025-12-03,2026-12-03,12,10124,Active
942,942,Growth,2025-10-30,2026-10-30,12,14485,Churned
943,943,Starter,2024-02-16,2025-02-16,12,3902,Churned
944,944,Starter,2025-05-19,2026-05-19,12,7452,Active
945,945,Starter,2025-02-26,2026-02-26,12,6944,Churned
946,946,Growth,2024-10-03,2025-10-03,12,18828,Active
947,947,Enterprise,2025-06-10,2026-06-10,12,26336,Active
948,948,Starter,2025-03-08,2027-03-08,24,6686,Churned
949,949,Enterprise,2026-02-11,2028-02-11,24,28843,Active
950,950,Starter,2024-06-02,2026-06-02,24,5878,Churned
951,951,Growth,2025-05-20,2026-05-20,12,19954,Churned
952,952,Growth,2025-05-16,2027-05-16,24,22782,Churned
953,953,Starter,2024-12-11,2025-12-11,12,3466,Churned
954,954,Growth,2025-05-29,2026-05-29,12,16634,Churned
955,955,Starter,2024-02-18,2025-02-18,12,5835,Active
956,956,Growth,2024-09-12,2025-09-12,12,14618,Churned
957,957,Growth,2024-07-17,2025-07-17,12,13607,Active
958,958,Starter,2024-03-19,2026-03-19,24,3686,Churned
959,959,Starter,2025-06-11,2027-06-11,24,4631,Churned
960,960,Starter,2024-04-20,2025-04-20,12,7221,Active
961,961,Enterprise,2024-11-02,2025-11-02,12,41131,Churned
962,962,Growth,2026-02-04,2027-02-04,12,10392,Active
963,963,Starter,2025-04-23,2027-04-23,24,7024,Churned
964,964,Growth,2024-11-09,2026-11-09,24,8480,Active
965,965,Growth,2025-05-28,2027-05-28,24,23844,Active
966,966,Starter,2025-10-15,2027-10-15,24,7067,Churned
967,967,Growth,2024-08-04,2025-08-04,12,8391,Churned
968,968,Growth,2024-06-17,2025-06-17,12,11339,Churned
969,969,Starter,2024-09-04,2026-09-04,24,6644,Churned
970,970,Enterprise,2025-08-27,2027-08-27,24,25874,Active
971,971,Enterprise,2024-04-12,2025-04-12,12,56982,Churned
972,972,Starter,2024-07-07,2025-07-07,12,7322,Churned
973,973,Starter,2025-11-10,2026-11-10,12,4622,Churned
974,974,Growth,2025-06-13,2026-06-13,12,15943,Active
975,975,Enterprise,2025-03-29,2026-03-29,12,58576,Active
976,976,Starter,2025-11-25,2026-11-25,12,3571,Churned
977,977,Starter,2025-08-23,2026-08-23,12,3375,Active
978,978,Enterprise,2024-05-29,2026-05-29,24,51131,Active
979,979,Starter,2026-01-14,2027-01-14,12,4741,Active
980,980,Enterprise,2025-08-03,2026-08-03,12,26575,Active
981,981,Growth,2024-08-21,2025-08-21,12,15231,Churned
982,982,Growth,2026-02-09,2027-02-09,12,20256,Active
983,983,Growth,2024-06-02,2025-06-02,12,11691,Churned
984,984,Enterprise,2025-01-27,2026-01-27,12,72651,Active
985,985,Starter,2024-07-14,2027-07-14,36,5356,Churned
986,986,Growth,2025-04-05,2026-04-05,12,22778,Active
987,987,Starter,2025-04-16,2026-04-16,12,4376,Churned
988,988,Growth,2024-05-14,2025-05-14,12,8420,Churned
989,989,Starter,2024-10-14,2026-10-14,24,4029,Churned
990,990,Growth,2025-11-26,2026-11-26,12,8122,Active
991,991,Growth,2025-10-21,2027-10-21,24,14112,Churned
992,992,Starter,2024-03-19,2025-03-19,12,7987,Churned
993,993,Growth,2024-09-24,2025-09-24,12,12422,Churned
994,994,Starter,2024-05-15,2025-05-15,12,4065,Churned
995,995,Starter,2024-09-04,2025-09-04,12,3115,Churned
996,996,Enterprise,2024-05-29,2025-05-29,12,46646,Churned
997,997,Enterprise,2024-12-30,2026-12-30,24,25241,Active
998,998,Starter,2025-02-05,2026-02-05,12,7959,Active
999,999,Growth,2025-05-20,2026-05-20,12,8370,Churned
1000,1000,Growth,2024-07-22,2025-07-22,12,21528,Active
1001,1001,Starter,2024-08-26,2025-08-26,12,7567,Churned
1002,1002,Enterprise,2024-08-20,2025-08-20,12,49892,Churned
1003,1003,Enterprise,2025-06-02,2028-06-02,36,64738,Active
1004,1004,Enterprise,2024-11-12,2025-11-12,12,68209,Churned
1005,1005,Growth,2025-08-23,2026-08-23,12,10098,Churned
1006,1006,Enterprise,2025-12-13,2026-12-13,12,39562,Churned
1007,1007,Starter,2024-01-30,2025-01-30,12,7594,Churned
1008,1008,Starter,2024-09-02,2025-09-02,12,4365,Active
1009,1009,Enterprise,2024-07-08,2025-07-08,12,73262,Churned
1010,1010,Starter,2025-07-13,2027-07-13,24,4989,Churned
1011,1011,Growth,2025-03-07,2027-03-07,24,9222,Active
1012,1012,Growth,2025-08-01,2026-08-01,12,17480,Churned
1013,1013,Starter,2025-06-29,2026-06-29,12,5710,Active
1014,1014,Starter,2025-02-25,2026-02-25,12,4057,Churned
1015,1015,Starter,2025-11-10,2026-11-10,12,7762,Active
1016,1016,Starter,2024-10-31,2025-10-31,12,4496,Churned
1017,1017,Starter,2024-04-26,2025-04-26,12,6711,Active
1018,1018,Starter,2025-04-29,2026-04-29,12,4410,Active
1019,1019,Starter,2024-06-09,2025-06-09,12,4735,Churned
1020,1020,Enterprise,2024-06-02,2025-06-02,12,25462,Churned
1021,1021,Starter,2024-12-05,2025-12-05,12,3959,Active
1022,1022,Growth,2025-12-26,2026-12-26,12,17223,Active
1023,1023,Starter,2025-12-18,2026-12-18,12,5011,Churned
1024,1024,Starter,2025-06-14,2026-06-14,12,5884,Churned
1025,1025,Starter,2024-10-15,2025-10-15,12,6997,Churned
1026,1026,Starter,2024-02-29,2027-02-28,36,7806,Churned
1027,1027,Growth,2025-04-14,2027-04-14,24,15515,Churned
1028,1028,Growth,2025-11-03,2026-11-03,12,18659,Churned
1029,1029,Growth,2025-01-16,2027-01-16,24,22414,Churned
1030,1030,Starter,2025-03-14,2026-03-14,12,5119,Churned
1031,1031,Starter,2025-05-09,2026-05-09,12,7736,Active
1032,1032,Starter,2025-03-23,2026-03-23,12,3064,Active
1033,1033,Starter,2025-07-26,2026-07-26,12,6219,Churned
1034,1034,Starter,2024-05-20,2025-05-20,12,5533,Active
1035,1035,Enterprise,2026-01-31,2027-01-31,12,26901,Active
1036,1036,Starter,2024-11-24,2025-11-24,12,7595,Active
1037,1037,Starter,2024-05-17,2027-05-17,36,4325,Churned
1038,1038,Starter,2025-08-23,2026-08-23,12,4655,Churned
1039,1039,Starter,2025-10-11,2027-10-11,24,7214,Churned
1040,1040,Starter,2024-04-28,2025-04-28,12,4535,Churned
1041,1041,Growth,2025-08-18,2026-08-18,12,24595,Churned
1042,1042,Growth,2025-06-23,2026-06-23,12,24440,Churned
1043,1043,Starter,2025-11-15,2026-11-15,12,5749,Churned
1044,1044,Growth,2025-01-07,2026-01-07,12,9673,Active
1045,1045,Growth,2025-10-26,2026-10-26,12,10970,Active
1046,1046,Growth,2026-02-01,2027-02-01,12,19785,Active
1047,1047,Growth,2024-08-13,2025-08-13,12,20055,Active
1048,1048,Growth,2024-02-01,2025-02-01,12,16574,Active
1049,1049,Growth,2024-04-08,2025-04-08,12,9034,Churned
1050,1050,Growth,2025-10-21,2026-10-21,12,11967,Active
1051,1051,Starter,2025-11-02,2026-11-02,12,6007,Churned
1052,1052,Growth,2025-04-28,2026-04-28,12,24933,Churned
1053,1053,Enterprise,2026-04-02,2028-04-02,24,68743,Active
1054,1054,Starter,2024-02-22,2025-02-22,12,3071,Active
1055,1055,Growth,2025-07-30,2026-07-30,12,21494,Churned
1056,1056,Starter,2024-12-10,2025-12-10,12,6486,Active
1057,1057,Starter,2024-08-27,2025-08-27,12,6191,Churned
1058,1058,Growth,2025-05-19,2027-05-19,24,20584,Active
1059,1059,Starter,2024-08-29,2025-08-29,12,5352,Active
1060,1060,Starter,2024-10-23,2025-10-23,12,6512,Churned
1061,1061,Starter,2024-05-27,2025-05-27,12,5989,Churned
1062,1062,Starter,2024-02-25,2026-02-25,24,4051,Churned
1063,1063,Growth,2026-01-10,2027-01-10,12,19075,Active
1064,1064,Enterprise,2025-10-11,2026-10-11,12,56442,Active
1065,1065,Growth,2026-01-29,2027-01-29,12,17716,Active
1066,1066,Starter,2025-04-24,2026-04-24,12,4521,Active
1067,1067,Growth,2025-11-09,2027-11-09,24,16697,Churned
1068,1068,Enterprise,2024-12-29,2025-12-29,12,49764,Churned
